S,K,r,q,sigma,T,c
1403,1350,0.0534,0.0118,0.26,0.102777778,80.828
1403,1375,0.0534,0.0118,0.267,0.102777778,66.084
1403,1400,0.0534,0.0118,0.231,0.102777778,45.894
1403,1425,0.0534,0.0118,0.213,0.102777778,30.955
1403,1450,0.0534,0.0118,0.198,0.102777778,19.224
