,S,K,r,q,sigma,T,c,ImpVol
0,1403,1350,0.0534,0.0118,0.26,0.10277777800000001,80.828,[0.260001]
1,1403,1375,0.0534,0.0118,0.267,0.10277777800000001,66.084,[0.26699898]
2,1403,1400,0.0534,0.0118,0.231,0.10277777800000001,45.894,[0.2309992]
3,1403,1425,0.0534,0.0118,0.213,0.10277777800000001,30.955,[0.21299749]
4,1403,1450,0.0534,0.0118,0.198,0.10277777800000001,19.224,[0.19799965]
